Section,Title,Date,Time,Authors,URL,Content
games,Crucigrama del d­a,10-Oct-23,8:00 AM,"['Mari Villalpando-Ortega', 'Angelica Monroy', 'Siddharth Chattoraj']",https://dailynexus.com/2023-10-10/crucigrama-del-dia/,"
HORIZONTALES



2. Palabra abreviada para decir pap¡


6. Evento cuando los padrinos avientan dinero en los bautizos


7. Nombre propio que rima con ""firma""


10. Se le dice asi cuando haces algo malo ante dios


11. Insignia que tambi©n significa un objeto hecha para proteger el cuerpo de golpes


13. Se le dice as­ a una mujer que sea muy cercana a ti afectivamente, T­tulo de una canci³n famosa de Luismi.


14. Le haces esto al pollo cuando cocinas antes de preparar


15. Moverse de un lugar hacia otro apartado


16. Insecto largo con muchas patas


18. La primera palabra de una de las ciudades m¡s conocidas de Brasil




VERTICALES



1. Frase que se dice al esquivar un toro con una capa en las torerias


3. Versi³n m¡s peque±a de una roca


4. Fen³meno que ocurre despu©s de la lluvia con un poco de sol


5. Grupo de mºsicos que hacen serenatas


6. Lo tomas para calmar la sed


8. Palabra coloquial para referirse a mam¡


9. Lugar t­pico en una colonia para poner una tiendita


10. ""Tch mmm ___""


12. La parte f­sica de un ser


17. Una forma del tiempo presente de ser



 Â¿Sab­as que? Las crucigramas en espa±ol se forman de manera diferente a las de ingl©s. En espa±ol se usa la estructura libre mientras que en ingl©s se usa la forma de simetr­a rotacional. Si le das vuelta 180Âº a un crucigrama en ingl©s se mirar­a igual. Lo hacen as­ para atraer a la audiencia con su simetr­a en los Estados Unidos, India y el Reino Unido. Aviso: Las respuestas son en espanol. Para el proposito de este crucigrama ignora los acentos. 
"
games,The Daily Nexus Crossword 10/26,26-Oct-23,8:00 AM,['Siddharth Chattoraj'],https://dailynexus.com/2023-10-26/the-daily-nexus-crossword-10-26/,"
ACROSS



1. ""All ______!"" - Mr. Conductor (""Dinosaur Train"")


5. ""______ is the word"" (Lyric recorded by Frankie Valli)


10. Quarrel is from the Cayman _______ (""James Bond"")


11. Rita Skeeter, James Potter, Sirius Black, Wormtail, Talbott Winger and Minerva McGonagall


12. Said while throwing paper into a trash bin


13. _____ & dangerous


15. Master ____


17. Ragetti only has one of this (""Pirates of the Caribbean"")


19. Cellist


21. Disneyland landmark


22. ""_______ Cinderella Story""


23. ""Phantom: ______ Ops""


25. ______ is the new black


28. Joan of ___


30. Club of fairies that attended Alfea


31. ""Dhoom 2"" main antagonist's first name


32. Bitsy spider


35. What L.B. 'Jeff' Jefferies did every day (""Rear Window"")


36. Jack-Jack (""The Incredibles"") or Boo (""Monsters, Inc."")


37. Yellow legendary Pok©mon


38. ""Dhoom 2"" main antagonist actor




DOWN



2. Donnie Dion's role with the Wildcats (""High School Musical 3: Senior Year"") 


3. ____ Hathaway


4. Streetcar line that ran through New Orleans' French Quarter until 1948


5. Tony Stark's facial hair (""Iron Man"")


6. Good and ____


7. Color of Hester Prynne's punishment


8. Mouse who owns a clubhouse


9. Married to the mouse who owns a clubhouse


14. Adam Sandler's Murder _______


16. Adjective to describe Gabriella Montez (""High School Musical"")


18. Member of popular boy band


20. ___man


21. Zuckerberg's job (""The Social Network"")


23. Woody (""Toy Story"")


24. Ferb's lover (""Phineas and Ferb"")


26. ""Stranger Things"" actor 


27. ""Winnie the Pooh"" character


28. ""Pok©mon Legends"" game


29. Famous basketball movie coach


33. ____ Pitt


34. ""And may the ____ be ever in your favor"" - Effie Trinket (""The Hunger Games"")




"
games,The Daily Nexus Crossword 11/2,2-Nov-23,8:00 AM,['Siddharth Chattoraj'],https://dailynexus.com/2023-11-02/the-daily-nexus-crossword-11-2/,"
ACROSS



1. Large wildcats that cannot roar


5. 7 on the Mohs Scale


10. ""A beating heart of stone / You gotta be so cold / To make it in this world"" - Imagine Dragons


11. Wooper


12. ____ Street, U.S.A.


13. Outer space prefix


15. E.g. arm


17. Food for livestock


19. Its volume is (4/3)Ï€r^3


21. Back fin


22. Ebonies' counterpart


23. Bears pear-like fruit


25. Cloud of gas and dust in outer space


28. Turf


30. Military soldier's duty


31. Pandora's Box, Ragnar¶k, Ramayana, etc.


32. Chris Christie's final question at the first 2024 Republican Primary debate


35. No.5 most populous city in Nebraska; UCSB English teacher


36. Quality sought in mutual relationships


37. Strange and unusual


38. 1588 Spanish ______




DOWN



2. Largest living bird


3. Greek dish usually consisting of roasted lamb, chicken, pork or beef


4. Green hot dog condiment


5. Owen, Merrick and the Skarloey Railway engines' workplace 


6. Made up of protons, neutrons and electrons


7. Cancer and Capricorn


8. Sherlock ______ (Hint: Not ""Holmes"")


9. Warming


14. Carrot, radish, turnip, beet, etc. 


16. $19.99


18. First date flowers


20. Before All Saints' Day, Christmas Day and New Year's Day


21. Where does the fox live?


23. Australian marsupial; commonly approaches humans


24. Last names in this country usually end with ""-son"" or ""-d³ttir""


26. Defensive linemen's goal is to rush _______


27. Portfolio pieces with value


28. The sun, moon and Earth in a nearly straight line


29. The nature of reality


33. ""It must be exhausting always rooting for the ____-hero"" - Taylor Swift


34. Embedded chip for mobile connectivity, briefly




Print There are some online and remote jobs that are completely real and pay you a decent amount of money in exchange for your work. However, there are also many scams that pose as legitimate online jobs, as well as real jobs thatÂ payÂ so little that they may not be worth your time and effort. xk We provide you with the best path, so these are the best ways to develop your career.Â 
Follow here¦¦¦Â https://realonlinesjobs.blogspot.com 
            Choked by their cap tassel during a graduation photoshoot           
            Accidentally daps the Chancellor up as they receive their diploma           
            Decided to skip commencement to go day drink on Del Playa           
            Ugly crying so hard they drown out ""Pomp and Circumstance""           
            Posing on stage like there's a model scout in the audience (there was)           
            Can't make it up the steps due to the sheer amount of cords, stoles, and leis           
            Couldn't decide on a grad dress so they showed up in pajamas under their gown           
            Showed up to commencement high and suffering from horrendous munchies           
            Somehow juggling the 15 ceremonies required for their triple major           
            Graduated with a 5 year plan, chronic anxiety, and a great internship           
            Reading Kafka in the audience in hopes of an honorary English degree           
            had their graduation photos taken in the lagoon to be different          "
games,The Daily Nexus Crossword 11/9,9-Nov-23,8:00 AM,['Siddharth Chattoraj'],https://dailynexus.com/2023-11-09/the-daily-nexus-crossword-11-9/,"
ACROSS



1. Can hold water


5. Romantic and glowing


10. Artistic movement emphasizing accurate representation


11. Magical creature with one horn


12. To interlace yarn or thread in a series of loops with needles


13. Collection of maps


15. 39 (San Francisco)


17. Large, hairy type of cattle or ox


19. 0% milk


21. ""A dinosaur from our imagination""


22. Natural examples include wool and silk and synthetic examples include nylon and polyester


23. ______ Hollow


25. Razzle ______


28. Sigma


30. Can be produced in a canyon


31. Sweet-tasting carbohydrate


32. Final resting place of the Unknown Solider


35. Sine divided by cosine


36. Twice as many


37. Political campaign motto


38. Fulfills a financial obligation




DOWN



2. Form of appreciation or applause


3. A journey where you visit somewhere and return afterward


4. Open hostility


5. High-pitched sound made by mice and chipmunks


6. Crime drama genre, e.g. that of ""[5 Across] Boulevard""


7. Breaking down of rocks by natural forces, e.g. wind and water


8. Heart______ or ______-hearted


9. Types include chemical, thermal, nuclear, etc.


14. Coccinellidae


16. Overly sentimental or romantic


18. 200 milligrams


20. E.g. Woody, Buzz Lightyear, Mr. Potato Head, etc.


21. If you are [23 Across], you should go to this


23. Blade covering


24. Alcohol with two carbon atoms


26. UCSB EEMB major concerning animal life


27. To express or personify


28. Head of State of Oman


29. One who sacrifices their life for a cause or belief


33. Short for ""iceberg""


34. ____ d'etat




"
games,The Daily Nexus Crossword 11/16,16-Nov-23,8:00 AM,"['Siddharth Chattoraj', 'Angelina Song']",https://dailynexus.com/2023-11-16/the-daily-nexus-crossword-11-16/,"
ACROSS



1. Talks tediously


5. Last day of the week


10. To grasp the truth, finally


11. New character in ""Inside Out 2""


12. UCSB major concerning the study of scarcity and the distribution, consumption and production of goods and services, for short


13. ""James and the _____ Peach"" (Roald Dahl story)


15. Type of science that certain UCSB majors study


17. Broadcast television and radio network owned by Paramount


19. To take in or soak up


21. ""The ______ Trap"" (Disney film)


22. Microsoft email service


23. ""______ Night"" (Christmas song)


25. Final word in the name of UCSB's newest minor


28. ""Oh I like to ___, [x3] aaples and bananays"" (Song lyric)


30. Holds a broken bone in place


31. UCSB major concerning the study of the mind, for short


32. From or at a great distance


35. ""_______ Flame"" (Song by The Bangles)


36. First step in the scientific method


37. Great respect or admiration


38. Great distress




DOWN



2. ""A Million _______"" (Lady Gaga song)


3. ""Orientalism"" author


4. Picturesque


5. Dirty marks on clothes


6. Immediately afterward


7. The sum of all elements divided by the total number of elements


8. UCSB's take-out dining hall


9. Cruel or oppressive ruler 


14. Natural skill


16. Remote-controlled aircraft


18. Not single


20. Coordinating connection expressing contrast


21. A small group of people clustered together


23. Holy


24. What a good spouse does when you are upset


26. Type of legendary dragon in Clash Royale


27. People who care for the sick


28. Where Monsieur D'Arque tries to lock up Maurice (""Beauty and the Beast"")


29. They repeat whatever you say


33. ____ upon a time


34. The ""U"" in UX/UI




"
games,The Daily Nexus Crossword 11/30,30-Nov-23,8:00 AM,"['Angelina Song', 'Siddharth Chattoraj']",https://dailynexus.com/2023-11-30/the-daily-nexus-crossword-11-30/,"
ACROSS



1. Blooms in the spring, wilts in the winter


5. Intention to do evil


10. ""O"" in OSH (former hardware store)


11. Expect _______ (elementary school club)


12. Cunning plan


13. _____ dreams; to be aware of dreaming


15. Given on a special day


17. What Luke is to Darth Vader


19. ""______, I've been, I've been losing sleep""


21. Middle Age architecture style


22. Hiltner, Gallucci, Kharitonova, etc.


23. Pail


25. Mother ______


28. Limb on the side of the human body


30. A small metric unit of measurement


31. To change


32. French twist, classic bun, messy bun, etc.


35. Great basketball dribbling skills


36. Member of the Japanese warrior class


37. Greek goddess of wisdom and warfare


38. Yoplait, Chobani, Oikos, etc.




DOWN



2. 1995, 1996, 1998-99 and 2011 (NBA)


3. $14.95 spinach or wheat option at Hummus Republic


4. Ï€______Â²


5. Camelot wizard


6. [a, b, c] in Python


7. To hold dear


8. To force


9. White noise on the television


14. Lotte Lehmann _______ Hall


16. German museum built by the order of King Frederick William III


18. Type of ape NFT


20. ""Y"" in F.A.N.B.O.Y.S


21. Python method that returns the value of a key in a dictionary


23. Luminous


24. ""_______ Crack"" (children's game)


26. Naruhito's title


27. Hottest Wingstop wings


28. Largest American state


29. Very small or few


33. To run, to escape


34. Smoke fog




"
games,The Daily Nexus Crossword 1/18,18-Jan-24,8:00 AM,['Siddharth Chattoraj'],https://dailynexus.com/2024-01-18/the-daily-nexus-crossword-1-18/,"
ACROSS



1. Relating to verse, often beautifully expressive


5. ______ Bell


10. Flat distribution


11. Confection of nuts and sugar


12. What people do in pools


13. Intentionally burning property


15. To furnish, usually with the expectation of return


17. Caesar in ""War for the Planet of the Apes""


19. E.g. ""Home Alone"" burglars


21. Eloquent speaker


22. UCSB's official news site


23. A fine strand used in sewing or weaving


25. Financial arrangement where a third party holds funds during a transaction


28. Aladdin's alter ego


30. Mischievous, small sprite


31. Evil demon


32. JavaScript Object Notation


35. Formally reject or deny


36. Legendary Clash Royale dragon


37. ______ Night (Vincent van Gogh painting)


38. Makes up one atom of water




DOWN



2. Daily Nexus section which allows members of the community to submit an article


3. High School Musical's Gabriella's boyfriend


4. Captures moments


5. To walk quietly


6. Not far


7. Obvious


8. Daily celestial event marking the end of the day


9. Usually has followers


14. Shine with bright, shimmering, reflected light


16. Coffee with very little caffeine William III


18. Creatively inclined, often found in bohemian circles


20. Wet, soft earth often found after rain


21. Number of cards a player has when they say ""Uno""


23. Three parts


24. To store


26. Place for wildlife conservation


27. ""Rear ______"" (Alfred Hitchcock film)


28. Respiratory tract


29. Sixth color of the rainbow


33. At all times


34. Uncertain (informal)




"
games,The Daily Nexus Crossword 1/25,25-Jan-24,8:00 AM,['Siddharth Chattoraj'],https://dailynexus.com/2024-01-25/the-daily-nexus-crossword-1-25/,"
ACROSS



1. Quantity or total


5. ""Dennis the ______"" 


10. Type of illegal trading


11. Name of USC's sports teams


12. Santa's list for good children


13. Opposite of ""exit""


15. Brand of small cars with two seats and four doors


17. Juniper-based spirit


19. Coldplay song that doubles as a color


21. Most bikers at UCSB do not wear this piece of equipment


22. E.g. Pollock and Hatlen


23. Third largest island on Earth


25. ""Jack be ______, Jack be quick, Jack jump over the candle-stick.""


28. The trigonometric function representing the ratio of the length of the opposite side to the length of the hypotenuse in a right-angled triangle, abbreviated


30. Lively dance party with electronic music


31. Eggs and _____


32. Runny nose output


35. Name of the tennis center near the UCSB Recreation Center


36. 1971 John Lennon album


37. ""Pop goes the _____""


38. Typically made of gold or chicken




DOWN



2. For example, ""Beauty and the Beast,"" ""Aladdin"" and ""The Little Mermaid""


3. Ctrl + Z


4. Exhausting or draining


5. Glove for the cold


6. Chemical element with an atomic number of 10


7.  Skull


8. Home of Mickey and Minnie


9. John Stockton is the NBA's all-time leader in this basketball action


14. Ship that sunk at about 2:20 a.m.


16. ""_____ California""


18. Frightening or weird


20. ""Doctor ___"" (science fiction television series)


21. Mother of a chick


23. Government agency, usually with a specific purview


24. Payback or retaliation


26. Large outdoor blaze for celebrations


27. Regard or respect


28. Open-toed summer footwear


29. Web application for note-taking and organization


33. Hugo ____ (clothing brand)


34. Onomatopoeia for a collision




Print  Î”  Î” 
            Choked by their cap tassel during a graduation photoshoot           
            Accidentally daps the Chancellor up as they receive their diploma           
            Decided to skip commencement to go day drink on Del Playa           
            Ugly crying so hard they drown out ""Pomp and Circumstance""           
            Posing on stage like there's a model scout in the audience (there was)           
            Can't make it up the steps due to the sheer amount of cords, stoles, and leis           
            Couldn't decide on a grad dress so they showed up in pajamas under their gown           
            Showed up to commencement high and suffering from horrendous munchies           
            Somehow juggling the 15 ceremonies required for their triple major           
            Graduated with a 5 year plan, chronic anxiety, and a great internship           
            Reading Kafka in the audience in hopes of an honorary English degree           
            had their graduation photos taken in the lagoon to be different          "
games,The Daily Nexus Crossword 2/01,1-Feb-24,8:00 AM,['Siddharth Chattoraj'],https://dailynexus.com/2024-02-01/the-daily-nexus-crossword-2-1/,"
ACROSS



1. Comic book publisher owned by Disney 


5. To reexamine and change


10. Deviates from what is standard, normal or expected


11. Clothing and lifestyle brand whose logo is red with white text in italics


12. Split first by John Cockcroft and Ernest Walton


13. Five-time NBA champions


15. Super Mario ____


17. Finn McMissile's job


19. Opposite of ""nobody""


21. For example, the rule that you have to be home after 9 p.m. on school nights


22. Requirement for eligibility to play NCAA Division I or Division II sports


23. Small, casual eatery


25. Short journey for a specific task


28. Grade school association that aims to bring parents and teachers together to improve learning for children (abbr.)


30. Country whose capital is Baghdad 


31. Upside-down equilateral triangle traffic sign


32. Octagonal traffic sign


35. The Elder Wand, the Resurrection Stone and the Cloak of Invisibility


36. Colloquial term for prison


37. 5 + 6 · 2 — 5


38. Grown people




DOWN



2. Saying ""Sorry!""


3. Small container for liquids


4. Basketball shots made near the basket, especially one that rebounds (pl.)


5. Meditative prayer that honors the Virgin Mary


6. Type of electronic cigarette


7. Bill Brown's job in Santa Barbara County 


8. A minion's favorite food


9. Children's playground teeter-totter


14. Northern part of a state, especially in New York 


16. Trap or drum type


18. To rush


20. Genre of rock music originating in Washington D.C.


21. Signal for lighting or sound change in a play


23. Intelligent


24. Song by Bradley Cooper and Lady Gaga


26. Effort to achieve a task or goal


27. To leave or exit


28. Outdoor, enclosed space for raising pigs


29. Largest U.S. state by area


33. ____ Lennon


34. Famous basketball player who won Sixth Man of the Year while playing for [13 Across]




Print  Î”  Î” 
            Choked by their cap tassel during a graduation photoshoot           
            Accidentally daps the Chancellor up as they receive their diploma           
            Decided to skip commencement to go day drink on Del Playa           
            Ugly crying so hard they drown out ""Pomp and Circumstance""           
            Posing on stage like there's a model scout in the audience (there was)           
            Can't make it up the steps due to the sheer amount of cords, stoles, and leis           
            Couldn't decide on a grad dress so they showed up in pajamas under their gown           
            Showed up to commencement high and suffering from horrendous munchies           
            Somehow juggling the 15 ceremonies required for their triple major           
            Graduated with a 5 year plan, chronic anxiety, and a great internship           
            Reading Kafka in the audience in hopes of an honorary English degree           
            had their graduation photos taken in the lagoon to be different          "
games,The Daily Nexus Valentine's Crossword 2/08,8-Feb-24,8:00 AM,['Siddharth Chattoraj'],https://dailynexus.com/2024-02-08/the-daily-nexus-valentines-day-crossword-2-08-2024/,"
ACROSS



1. Bite-sized HERSHEY'S Chocolate pieces


5. Treat frequently given as a gift; examples include sandesh and kaju katli


10. John Tyree _______ in the military but falls in love with Sarah when on home on leave, so they exchange letters


11. After a couple breaks up, one may seize an _______ to start a relationship with one of them


12. Frequently tossed at weddings to wish the married couple prosperity and fertility


13. Tranquility in a relationship


15. Sigyn's husband


17. Acronym sent over text by your partner when they are jokingly embarrassed


19. Type of literature filled with witty critiques of romantic follies


21. The final chapter of a romance novel


22. Typically done on a first date by bringing flowers, dressing nicely and paying, to name a few


23. Traditional groom attire


25. Religious place where married couples seek blessings after the wedding


28. Flik and Atta are in love in ""A ___'s Life""


30. Couples frequently describe their partner's as their ____


31. Birdo's lover


32. Ike Turner's ex-wife


35. Maroon 5 song about a strong, obsessive physical attraction


36. Pulling out your guitar and singing at the top of your voice to impress your girlfriend


37. Song by The Chainsmokers about pulling your lover ______


38. Job-hunting site; not a dating site




DOWN



2. Forbidden love


3. Emperor Franz Joseph I's wife


4. Bridal accessories worn over the shoulder (pl.)


5. Playful kiss


6. Mathematical parity of a couple


7. Capital of Libya, which has a minimum age of 20 for marriage


8. Symbol of love (pl.); frequently used as a candy shape


9. To stare or gawk with [14 Down] intentions


14. Expressing or feeling sexual desire


16. Self-conscious emotion that can cause a relationship to disintegrate


18. The _____ of the [21 Across] is typically marked by consistent arguments and fights


20. Romantically melancholic punk music genre


21. The time zone your long-distance partner who is three hours ahead of you is in


23. If your partner threatens divorce, your relationship is hanging together by a ______


24. Actress playing Marvel's first Latin-American lesbian superhero


26. Moments difficult to experience when living with your spouse at your parents' house


27. To be full of love and admiration for


28. Princess Peach's lover and captor


29. Howl and Sophie fall in love in ""Howl's Moving Castle"" ” a film produced by this studio


33. The message your high school crush who doesn't like you back writes on your yearbook


34. Traditionally, suitors used to ask the potential bride's father for her ____ in marriage




Print  Î”  Î” 0/10 for this one Siddharth, love loses this Valentine's Day 
            Choked by their cap tassel during a graduation photoshoot           
            Accidentally daps the Chancellor up as they receive their diploma           
            Decided to skip commencement to go day drink on Del Playa           
            Ugly crying so hard they drown out ""Pomp and Circumstance""           
            Posing on stage like there's a model scout in the audience (there was)           
            Can't make it up the steps due to the sheer amount of cords, stoles, and leis           
            Couldn't decide on a grad dress so they showed up in pajamas under their gown           
            Showed up to commencement high and suffering from horrendous munchies           
            Somehow juggling the 15 ceremonies required for their triple major           
            Graduated with a 5 year plan, chronic anxiety, and a great internship           
            Reading Kafka in the audience in hopes of an honorary English degree           
            had their graduation photos taken in the lagoon to be different          "
games,The Daily Nexus Crossword 2/15,15-Feb-24,8:00 AM,['Angelina Song'],https://dailynexus.com/2024-02-15/the-daily-nexus-crossword-2-15/,"
ACROSS



1. Commonly eaten for breakfast ” often with milk


5. The great outdoors


10. To be defenseless, with no weapons


11. To ___ one's thumbs (be idle)


12. NaCl


13. When a tree is abundantly green


15. Parts of a play


17. Foxes are often described as such


19. To have made a rotation


21. Capital city of Germany


22. To submit monetary sums in a bank account


23. The art of creation, decoration and more


25. Big group of people who live in an area, who may or may not share similar cultures


28. A gesture of respect


30. Rescuing someone


31. A colloquial term that has been adopted to be used as an affirmation of someone else's statement


32. ""Tell her to call me ____ ” it's an emergency""


35. Often done by burglars, pirates, incoming armies and stray cats


36. When waves recede quickly at the beach, often associated with an earthquake


37. Who raised you?


38. The entire purpose of fidget spinners




DOWN



2. Often the counterpart in a narcissistic relationship


3. ""Beef,"" ""Succession"" and ""The Bear"" won this award


4. ""_____ and gentlemen, welcome to the 76th Hunger Games.""


5. When electronics bear news for the recipient


6. A psychedelic experience


7. The group who beheaded Louis XVI and Marie Antoinette in 1793


8. Isla Vista at 5 p.m.


9. The addition of salt, pepper, paprika, cloves, etc.


14. A neurotoxin, but consumed regardless


16. A pooled investment fund, often managed by someone


18. Steel


20. Where the lion sleeps


21. Trash and recycling ____


23. To want


24. Scattered grassland biome


26. Noodles will claim they are this but they actually take 3-5 minutes to make


27. Square piece of soft, folded paper used when eating


28. Picnic _______


29. Counterpart to the season Megan Thee Stallion claimed


33. Organism that does not produce eggs


34. Head, shoulders and chest




Print  Î”  Î” 
            Choked by their cap tassel during a graduation photoshoot           
            Accidentally daps the Chancellor up as they receive their diploma           
            Decided to skip commencement to go day drink on Del Playa           
            Ugly crying so hard they drown out ""Pomp and Circumstance""           
            Posing on stage like there's a model scout in the audience (there was)           
            Can't make it up the steps due to the sheer amount of cords, stoles, and leis           
            Couldn't decide on a grad dress so they showed up in pajamas under their gown           
            Showed up to commencement high and suffering from horrendous munchies           
            Somehow juggling the 15 ceremonies required for their triple major           
            Graduated with a 5 year plan, chronic anxiety, and a great internship           
            Reading Kafka in the audience in hopes of an honorary English degree           
            had their graduation photos taken in the lagoon to be different          "
games,The Daily Nexus Crossword 2/22,22-Feb-24,8:00 AM,['Siddharth Chattoraj'],https://dailynexus.com/2024-02-22/the-daily-nexus-crossword-2-22/,"
ACROSS



1. Device that allows electrical equipment to connect to a power supply


5. Mason Ramsey's debut single


10. Straight line touching a curve at a point


11. To motivate and encourage


12. First name of a giant, white sperm whale from a well-known adventure novel


13. Each one is used to defend brains against zombies in a 2009 video game


15. Sugar molecules, for short


17. Dark Minecraft dimension inhabited by a dragon


19. Small wheel, usually in a set, that is attached to the bottom of furniture


21. Golfer's assistant


22. To sustain or furnish with food


23. Danny Zuko and Sandy Olsson fall in love in this musical


25. Slowly trickling out


28. Zero or Nothing


30. ____'s slogan is ""We have the meats!""


31. Global investment firm, Swiss watchmaker and English dynasty


32. Heat gained by a calorimeter


35. To remove unwanted buds


36. Music-operating device, usually operated by a coin


37. E.g. simultaneous in-person and online learning


38. One of the oldest philosophy journals




DOWN



2. Large bill consisting of multiple smaller bills on a certain topic


3. Sharp or resourceful


4. To inform on a playmate


5. Companion or ally


6. City in Arizona; means ""table"" in Spanish


7. One-piece, skintight garment with long legs


8. Type of bomb featured in ""Oppenheimer""


9. Small, smooth stone


14. Rival of Apple iOS


16. Form of a verb


18. Search engine powered by Microsoft Bing


20. Fully ripe ovarian fish eggs


21. Community Service Organization (abbr.)


23. Thousands of dollars


24. Diplomatic mission in a foreign country


26. Rock band from Calabasas formed in 1991


27. ""A long time ago in a ______ far, far away ....""


28. Gave medical attention to


29. Deadlock or impasse


33. Low, rumbling sound made by cats


34. Having similar qualities




Print  Î”  Î” 
            Choked by their cap tassel during a graduation photoshoot           
            Accidentally daps the Chancellor up as they receive their diploma           
            Decided to skip commencement to go day drink on Del Playa           
            Ugly crying so hard they drown out ""Pomp and Circumstance""           
            Posing on stage like there's a model scout in the audience (there was)           
            Can't make it up the steps due to the sheer amount of cords, stoles, and leis           
            Couldn't decide on a grad dress so they showed up in pajamas under their gown           
            Showed up to commencement high and suffering from horrendous munchies           
            Somehow juggling the 15 ceremonies required for their triple major           
            Graduated with a 5 year plan, chronic anxiety, and a great internship           
            Reading Kafka in the audience in hopes of an honorary English degree           
            had their graduation photos taken in the lagoon to be different          "
games,The Daily Nexus Crossword 2/29,29-Feb-24,8:00 AM,['Siddharth Chattoraj'],https://dailynexus.com/2024-02-29/the-daily-nexus-crossword-2-29/,"
ACROSS



1. Blue Muppet character


5. Video hosting social media platform owned by ByteDance


10. _______birds can fly upside down and backward


11. Language traditionally spoken by Ashkenazi Jews


12. Close or within reach


13. Feeling of weariness or dissatisfaction


15. UCSB is home to the California ____Systems Institute


17. Control system that tracks computer file changes


19. Cowboy's cry of joy


21. Unwell or sickly


22. Four-player, tile-based game developed in China


23. Award recognizing outstanding music achievement


25. The nature of reality in Hinduism and Buddhism


28. ___ Fridays (restaurant chain)


30. The tallest monument in the United States is the Gateway ____


31. Flower native to Europe, North America and Asia


32. 5 UC's explicitly offer this major field, and 3 others offer related majors


35. Common in the [32 Across] industry


36. Beyond the suburbs


37. One who mends minds or bodies 


38. Touch, strong or lean




DOWN



2. Movie starring Dwayne Johnson as Davis Okoye


3. Operator that evaluates an expression and returns an undefined value


4. ______ Waters (water park)


5. Required to play a competitive sport


6. 1-877-Kars-4-____


7. Japanese art of paper folding


8. Traditional folk song sung at sea while working


9. Crowd of people


14. TV show where a team of LEGO ninjas practices Spinjitzu


16. Rays which have the most energy of any electromagnetic waves


18. Illumination source


20. Path or track


21. Common conjunction


23. To take a quick look


24. Collection of old documents


26. Consists of seven colors


27. Nuts high in protein, fiber, antioxidants and fat


28. Generalization of matrices, vectors and scalars


29. Multiple inserts


33. Where Congress convenes


34. To scorch or char




Print  Î”  Î” grover is not from muppet he is SESAME STREET 
            Choked by their cap tassel during a graduation photoshoot           
            Accidentally daps the Chancellor up as they receive their diploma           
            Decided to skip commencement to go day drink on Del Playa           
            Ugly crying so hard they drown out ""Pomp and Circumstance""           
            Posing on stage like there's a model scout in the audience (there was)           
            Can't make it up the steps due to the sheer amount of cords, stoles, and leis           
            Couldn't decide on a grad dress so they showed up in pajamas under their gown           
            Showed up to commencement high and suffering from horrendous munchies           
            Somehow juggling the 15 ceremonies required for their triple major           
            Graduated with a 5 year plan, chronic anxiety, and a great internship           
            Reading Kafka in the audience in hopes of an honorary English degree           
            had their graduation photos taken in the lagoon to be different          "
games,The Daily Nexus Crossword 3/07,7-Mar-24,8:00 AM,['Siddharth Chattoraj'],https://dailynexus.com/2024-03-07/the-daily-nexus-crossword-3-07/,"
ACROSS



1. Silk spinner


5. ""The ___"" (1999 Keanu Reeves movie)


10. Precisely or absolutely


11. Love affair or novel genre


12. Aspiration or desire


13. Bollywood trilogy franchise starring officer Jai Dixit


15. Ctrl+Z


17."" ___ In Black"" (Film franchise)


19. Apologetic or remorseful


21. Brands of this product include Kleenex and Puffs


22. Simplistic or less


23. Central vein of a leaf


25. 0% milk


28. Test in morphological linguistics where children complete statements about pictures with nonsense names


30. ""Three Blind ____""


31. Typically seats C and D in an aircraft with a 3-3 configuration


32. Upon or atop


35. Company that produces television ratings


36. Cruel or oppressive rule


37. Arrangement where third-party temporarily holds funds


38. Exclamation of excitement




DOWN



2. Instance or case


3. Typically done on election day


4. Repeated movement of sound


5. ""Animals"" was written by ______ 5


6. Represented by a clock


7. Major League Baseball has 9 of these


8. California ______ regularly travels from Chicago to Emeryville


9. ""______ He Cheats"" (Carrie Underwood song)


14. King of Thebes


16. Describes a damp and hot atmosphere


18. Flies a plane


20. Improvisers ad-___ their lines


21. Yellowish-brown


23. ""One ______ in Time"" (Whitney Houston song)


24. Author of ""Oliver Twist"" and ""A Christmas Carol""


26. Business major concerning profits


27. Name for TNT


28. To sift, sort or blow


29. Glamorous and fancy


33. Autonomous sensory meridian response, for short


34. Physical device for capturing




Print  Î”  Î” 
            Choked by their cap tassel during a graduation photoshoot           
            Accidentally daps the Chancellor up as they receive their diploma           
            Decided to skip commencement to go day drink on Del Playa           
            Ugly crying so hard they drown out ""Pomp and Circumstance""           
            Posing on stage like there's a model scout in the audience (there was)           
            Can't make it up the steps due to the sheer amount of cords, stoles, and leis           
            Couldn't decide on a grad dress so they showed up in pajamas under their gown           
            Showed up to commencement high and suffering from horrendous munchies           
            Somehow juggling the 15 ceremonies required for their triple major           
            Graduated with a 5 year plan, chronic anxiety, and a great internship           
            Reading Kafka in the audience in hopes of an honorary English degree           
            had their graduation photos taken in the lagoon to be different          "
games,The Daily Nexus Crossword 4/11,11-Apr-24,8:00 AM,"['Siddharth Chattoraj', 'Angelina Song']",https://dailynexus.com/2024-04-11/the-daily-nexus-crossword-4-11/,"
ACROSS



1. Light wind


5. Not a single person; alone


10. Styling of the hair often involving shears and combs


11. Michigan State University's and San Jose State University's mascot


12. Water falling from the sky


13. To remove pins


15. First name of the author of ""Beloved""


17. Organizational strategy created by the Open Compliance and Ethics Group regarding ethical management, risk management and adherence to standards and laws, for short 


19. Produced by fermenting milk with bacteria


21. A crucial or decisive point or situation, often a difficult or unstable time


22. Pertaining to an item of high quality from a past era


23. To acquire or gain possession


25. Small piece of kitchenware, usually with a handle, for drinking warm liquids


28. U.S. Environmental Protection Agency's credits for compliance with the Renewable Fuel Standard program, for short


30. Plant genus whose petal data comprises a popular Kaggle dataset


31. Biological blueprints carried in DNA


32. Cool and swag, usually referring to clothing


35. To sustain with food or nutriment; to support and promote growth


36. The success in a competition or struggle; triumph


37. Coldplay song about unrequited love


38. Season characterized by the blossoming of flowers and warmer weather




DOWN



2. Barrier often found on stairs or a balcony


3. Individually or per item


4. Consuming food


5. Describes movement in plants that is a response to stimuli but directionally independent of it


6. Common fastening device or a Hollywood actor's first name


7. Obedient and respectful


8. Fleshy red fruit


9. Opens a fastener on clothing by pulling a tab


14. Essential nutrients found in meat, beans and nuts


16. Surname of sports commentator and hall of fame football player who was a wide receiver for the Dallas Cowboys for 12 years


18. To say ""hello"" or welcome someone


20. Chemical element with the symbol Sn


21. Taxes on profit occurring from sales of assets, for short


23. Vegetables that might bring tears to your eyes in the kitchen


24. Katniss Everdeen in ""The Hunger Games""


26. For example, ""The Simpsons,"" ""South Park,"" and ""The Flintstones""


27. Tropical fruit with sweet orange flesh and central black seeds


28. To display again


29. Anxiety, worry or fear about a looming event or action


33. Cash register or drawer for storing money


34. Mark left on the skin after a wound has healed




Print  Î”  Î” 
            Choked by their cap tassel during a graduation photoshoot           
            Accidentally daps the Chancellor up as they receive their diploma           
            Decided to skip commencement to go day drink on Del Playa           
            Ugly crying so hard they drown out ""Pomp and Circumstance""           
            Posing on stage like there's a model scout in the audience (there was)           
            Can't make it up the steps due to the sheer amount of cords, stoles, and leis           
            Couldn't decide on a grad dress so they showed up in pajamas under their gown           
            Showed up to commencement high and suffering from horrendous munchies           
            Somehow juggling the 15 ceremonies required for their triple major           
            Graduated with a 5 year plan, chronic anxiety, and a great internship           
            Reading Kafka in the audience in hopes of an honorary English degree           
            had their graduation photos taken in the lagoon to be different          "
games,The Daily Nexus Crossword 4/18,18-Apr-24,8:00 AM,['Siddharth Chattoraj'],https://dailynexus.com/2024-04-18/the-daily-nexus-crossword-4-18/,"
ACROSS



1. Blossom seen in gardens


5. Seabird with colorful beak


10. Football player making a defensive play


11. Distilled beverage made from blue agave


12. Accurate or faithful; Boolean operator


13. Taylor Swift song about a guy who has long hair, slicked back


15. ____ and Jill went up the hill to fetch a pail of water


17. Statement of affirmation


19. An interjection commonly said during toasts


21. To influence or make an impression


22. To persist, survive and withstand


23. Musical interval spanning eight notes


25. Protective headgear; typically an afterthought at UCSB


28. Final Minecraft dimension


30. Elsa's sister


31. Furious or irate


32. Hot and dry, usually refers to climate


35. Immensely or considerably


36. Preventive shot


37. For example, freestyle and butterfly


38. Partially dried grape




DOWN



2. To scold or rebuke


3. Document stating a dead person's wishes


4. Pony whose cutie mark consists of three diamonds


5. Colored leaves of a flower's corolla


6. Common help page section, for short


7. To behave similarly or reproduce closely 


8. Fixed and unchanging


9. Place for buying and selling


14. Shouting, screaming, or hollering


16. Group of trees


18. Frequently and constantly


20. To file a lawsuit


21. Fireplace residue


23. Combination of red and yellow


24. Sine divided by cosine


26. Cocktail made with gin and vermouth


27. Neater or cleaner


28. Biological catalyst that speeds up the rate of chemical reactions


29. For example, chauffeurs or rideshare operators


33. First name of the first chancellor of Germany


34. The named ingredient in two of Blender's three bowls




Print  Î”  Î” 
            Choked by their cap tassel during a graduation photoshoot           
            Accidentally daps the Chancellor up as they receive their diploma           
            Decided to skip commencement to go day drink on Del Playa           
            Ugly crying so hard they drown out ""Pomp and Circumstance""           
            Posing on stage like there's a model scout in the audience (there was)           
            Can't make it up the steps due to the sheer amount of cords, stoles, and leis           
            Couldn't decide on a grad dress so they showed up in pajamas under their gown           
            Showed up to commencement high and suffering from horrendous munchies           
            Somehow juggling the 15 ceremonies required for their triple major           
            Graduated with a 5 year plan, chronic anxiety, and a great internship           
            Reading Kafka in the audience in hopes of an honorary English degree           
            had their graduation photos taken in the lagoon to be different          "
games,The Daily Nexus Crossword 4/25,25-Apr-24,10:13 AM,['Siddharth Chattoraj'],https://dailynexus.com/2024-04-25/the-daily-nexus-crossword-4-25/,"
ACROSS



1. Robust or powerful


5. Evening phenomenon that paints the sky


10. Dante's fiery realm


11. Closest planet to the sun


12. Country located between Iran and Saudi Arabia


13. Mark that is difficult to remove


15. Polynesian carved figure


17. Tiny house


19. Time of greatest success or strength


21. Part of a shirt where the arm goes through


22. Converted into ions


23. Gold-colored alloy used for decorative mounts


25. Type of dance move performed off the ground


28. Cheer commonly heard at soccer games


30. Vehicle hailed for a ride


31. Venue for sports or concerts


32. Harry Potter's patronus


35. Invaded or swamped beyond capacity


36. International sign language used by many in the deaf community


37. Word used to express politeness


38. Greatly surprised or astonished




DOWN



2. Famous name in fine jewelry


3. Fearsome creature in fairy tales; for example, Shrek


4. Increase in size or number


5. Highest point of a mountain


6. Fifth emperor of Rome


7. Scholarly and learned


8. Complete or bring to an end


9. Line in a newspaper naming the writer


14. Quarterback's last-second change at the line of scrimmage


16. Sends letters or packages


18. Related to times past


20. ""I love ___, ___ love me, We're a happy family.""


21. Large body of saltwater


23. To surpass in cunning; to outsmart


24. Famous physicist with a demon named after him


26. Enter without permission


27. Body of water located behind UCSB's University Center


28. Fruit known for its vitamin C content 


29. Something mysterious or puzzling


33. Region or section of a place


34. U.S. agency ensuring workplace safety




Print  Î”  Î” 
            Choked by their cap tassel during a graduation photoshoot           
            Accidentally daps the Chancellor up as they receive their diploma           
            Decided to skip commencement to go day drink on Del Playa           
            Ugly crying so hard they drown out ""Pomp and Circumstance""           
            Posing on stage like there's a model scout in the audience (there was)           
            Can't make it up the steps due to the sheer amount of cords, stoles, and leis           
            Couldn't decide on a grad dress so they showed up in pajamas under their gown           
            Showed up to commencement high and suffering from horrendous munchies           
            Somehow juggling the 15 ceremonies required for their triple major           
            Graduated with a 5 year plan, chronic anxiety, and a great internship           
            Reading Kafka in the audience in hopes of an honorary English degree           
            had their graduation photos taken in the lagoon to be different          "
games,The Daily Nexus Crossword 5/02,2-May-24,8:00 AM,['Siddharth Chattoraj'],https://dailynexus.com/2024-05-02/the-daily-nexus-crossword-5-02/,"
ACROSS



1. European country whose flag contains red, white and blue vertical stripes


5. The state of being equal


10. Foreshadowing evil


11. Large area of flat or rolling, grassy land typically located in the Mississippi Valley


12. Famous Universal Pictures shark movie


13. Segmented worm parasite


15. Competition to see who or what is the fastest


17. Line closed at one end and pointing straight indefinitely in the other


19. Radio word that signals distress


21. Microorganism that can only live and grow in the presence of air or free oxygen


22. Adjective commonly used to describe the act of controlling a horse


23. People who jump off surfaces to enter the water


25. Courageous and brave


28. Oldest stock exchange in Asia, for short


30. Scarce and infrequent


31. Whole or complete


32. First name of famous Russian composer who created the ""The Rite Of Spring""


35. Company that developed Pok©mon Go


36. Equal distribution of weight


37. Protective head covering usually worn when biking


38. Main meal usually eaten during evening or night




DOWN



2. System of tracks where trains travel


3. Slang for a new, inexperienced gamer


4. Holiday celebrating the resurrection of Jesus Christ


5. Office of the Pope


6. Surface where cars travel


7. Twisting force of nature


8. Impasse or deadlock


9. Peacefully calm


14. Oscar Wilde wrote ""The Importance of Being _______""


16. First name of singers Manilow or White


18. Pertaining to law


20. Affirmative response


21. Common conjunction


23. Boldly courageous


24. Famous Italian fashion house


26. Naive young woman, often in drama


27. Plot for plants


28. Small North American wildcat


29. Earbud


33. Smallest particle of an element


34. First name of the man who helped decode German Enigma machines during World War II



 This crossword was corrected on May 6, 2024 to reflect that the clue for 22 Across should be ""Adjective commonly used to describe the act of controlling a horse"" rather than ""Adjective commonly used to describe current sports champions"" and acknowledge that 23 Down and 25 Across have the same answer.
Print  Î”  Î” 
            Choked by their cap tassel during a graduation photoshoot           
            Accidentally daps the Chancellor up as they receive their diploma           
            Decided to skip commencement to go day drink on Del Playa           
            Ugly crying so hard they drown out ""Pomp and Circumstance""           
            Posing on stage like there's a model scout in the audience (there was)           
            Can't make it up the steps due to the sheer amount of cords, stoles, and leis           
            Couldn't decide on a grad dress so they showed up in pajamas under their gown           
            Showed up to commencement high and suffering from horrendous munchies           
            Somehow juggling the 15 ceremonies required for their triple major           
            Graduated with a 5 year plan, chronic anxiety, and a great internship           
            Reading Kafka in the audience in hopes of an honorary English degree           
            had their graduation photos taken in the lagoon to be different          "
games,The Daily Nexus Mother's Day Crossword 5/09,9-May-24,8:00 AM,['Siddharth Chattoraj'],https://dailynexus.com/2024-05-09/the-daily-nexus-mothers-day-crossword-5-09/,"
ACROSS



1. Not apart, especially on the day you celebrate Mom


5. What Mom might wish to be on a lazy Sunday morning


9.  Explored through family stories and history


10. Furry friend that might bring Mom joy


12. Your Mom is usually present, either live or in spirit when you tie the ____


13. A common favorite sweet treat to gift on Mother's Day


15. Term of endearment often used by mothers


17. Respect and admiration expressed toward Mom on Mother's Day


19. A place for pickups, often involving gifts or supplies


20. Daydream filled with happy memories of Mom


23. If your mother is a __________, you should gift her [13 Across]


25. Footwear that Mom might enjoy shopping from


28. Recipients of mom's invaluable life lessons and guidance


29. Buds and flourishes, just as plants do in spring


30. Like a mother's unconditional love, often incomparable anywhere else


31. How children often feel about their moms, especially when young




DOWN



1. A word of gratitude, often repeated


2. Mothers of many species of this reptile guard their eggs until they [26 Down]


3. Something Mom often has a long list of


4. Close enough to hear the usual ""Mom!"" calls


6. Mothers usually take care of their children since they were _____


7. Your mother is responsible for your _________


8. What mothers feel when surrounded by loved ones


11. Often what moms endure with a smile


14. What mothers try to give in raising their children


15. Mom is usually the first _________ in our lives


16. Something cold, but nothing compared to Mom's warm hugs


17. What many children see their Mom as


18. A vital role played by mothers, both formally and informally


20. An area in the home, often reflecting the spirit of the one who decorates it


21. Often jokingly said about Mom when she's enjoying a well-deserved pampering session


22. Playfully mocked by siblings


24. Like mom's pride displayed for all to see on her special day


26. A broody hen will sit on her eggs for approximately three weeks until they _____ and her children are born


27. Address for ""mother"" commonly used by people who speak Malayalam or Tamil




Print  Î”  Î” 
            Choked by their cap tassel during a graduation photoshoot           
            Accidentally daps the Chancellor up as they receive their diploma           
            Decided to skip commencement to go day drink on Del Playa           
            Ugly crying so hard they drown out ""Pomp and Circumstance""           
            Posing on stage like there's a model scout in the audience (there was)           
            Can't make it up the steps due to the sheer amount of cords, stoles, and leis           
            Couldn't decide on a grad dress so they showed up in pajamas under their gown           
            Showed up to commencement high and suffering from horrendous munchies           
            Somehow juggling the 15 ceremonies required for their triple major           
            Graduated with a 5 year plan, chronic anxiety, and a great internship           
            Reading Kafka in the audience in hopes of an honorary English degree           
            had their graduation photos taken in the lagoon to be different          "
games,The Daily Nexus Crossword 5/16,16-May-24,8:00 AM,['Siddharth Chattoraj'],https://dailynexus.com/2024-05-16/the-daily-nexus-crossword-5-16/,"
ACROSS



1. To conceptualize and create


5. Magical or medicinal potion


10. Arsenal, Manchester City and Liverpool are currently at the top of the _______ League standings


11. To be below or in a lower position


12. The tour Taylor Swift is on


13. Type of story Aesop is best known for writing


15. Basketball player who won five championships with the Los Angeles Lakers over his 20-year NBA career


17. Type of deep learning model ChatGPT is, for short


19. Half the diameter of a circle


21. Australia, Bali, Jamaica, Maui and Sicily, for example


22. Convent of nuns


23. Branch of science that deals with vision and light


25. To be stingy or cheap


28. Beatrice, for short


30. Backstage workers in the [24 Down]


31. Updates to a computer program, usually for security purposes


32. Latin word for water


35. Number without decimal or fractional components


36. Happens at the end of an outstanding performance


37. Object sold by Crayola since 1903


38. The person who sits in the front left seat of a car in America




DOWN



2. Birthstone for May


3. Greek word for rainbow


4. Statistical distribution whose standardized version has a mean of 0 and a variance of 1


5. To prevent decay, usually with chemicals


6. Cations and anions


7. [31 Across]-based projections design software 


8. Magicians may ______ from thin air as part of their act


9. Strand of fabric


14. Comfort cloth for teething infant


16. Meal usually eaten in the middle of the day


18. Scientific study of mental states and behavior, for short


20. Term for dubious behavior in Among Us


21. Department of Treasury bureau that administers taxes, for short


23. Delicate flower and popular houseplant that generally needs water once or twice a wee


24. Hatlen or Pollock, for example


26. To see information or investigate


27. The Great ______ are located in the interior of the United States


28. Adjective describing infertile [27 Down]


29. 2003 Accra Peace Agreement, Treaty of Versailles or Agreement on Ending the War and Restoring Peace in Vietnam, for example


33. Adjective describing the fairy tale ""duckling"" who became a swan


34. Vehicle for hire, usually yellow




Print  Î”  Î” 
            Choked by their cap tassel during a graduation photoshoot           
            Accidentally daps the Chancellor up as they receive their diploma           
            Decided to skip commencement to go day drink on Del Playa           
            Ugly crying so hard they drown out ""Pomp and Circumstance""           
            Posing on stage like there's a model scout in the audience (there was)           
            Can't make it up the steps due to the sheer amount of cords, stoles, and leis           
            Couldn't decide on a grad dress so they showed up in pajamas under their gown           
            Showed up to commencement high and suffering from horrendous munchies           
            Somehow juggling the 15 ceremonies required for their triple major           
            Graduated with a 5 year plan, chronic anxiety, and a great internship           
            Reading Kafka in the audience in hopes of an honorary English degree           
            had their graduation photos taken in the lagoon to be different          "
games,The Daily Nexus Mini Crosswords 5/23,23-May-24,8:00 AM,"['Lauren Chiou', 'Suryaansh Dongre']",https://dailynexus.com/2024-05-23/the-daily-nexus-mini-crosswords-5-23/,"Mini Crossword #1 By: Lauren Chiou  Mini Crossword #2 By: Lauren Chiou  Mini Crossword #3 By: Lauren Chiou  Mini Crossword #4 By: Lauren Chiou and Suryaansh Dongre  



ACROSSDOWN




1. Not 2, not to1. Not yesterday, not tomorrow


4. Between for > 22. The band is __ __ 7 p.m.


6. Lead singer Om of The _____3. Shrek species


7. Seething4. Dry, like desert


8. Sandra ___ O'Connor5. Wife of Phoenix




Print  Î”  Î” 
            Choked by their cap tassel during a graduation photoshoot           
            Accidentally daps the Chancellor up as they receive their diploma           
            Decided to skip commencement to go day drink on Del Playa           
            Ugly crying so hard they drown out ""Pomp and Circumstance""           
            Posing on stage like there's a model scout in the audience (there was)           
            Can't make it up the steps due to the sheer amount of cords, stoles, and leis           
            Couldn't decide on a grad dress so they showed up in pajamas under their gown           
            Showed up to commencement high and suffering from horrendous munchies           
            Somehow juggling the 15 ceremonies required for their triple major           
            Graduated with a 5 year plan, chronic anxiety, and a great internship           
            Reading Kafka in the audience in hopes of an honorary English degree           
            had their graduation photos taken in the lagoon to be different          "
games,The Daily Nexus Best of UCSB Crossword 5/30,30-May-24,8:00 AM,['Siddharth Chattoraj'],https://dailynexus.com/2024-05-30/the-daily-nexus-best-of-ucsb-crossword-5-30/,"ACROSS



1. Professional journey explored at UCSB's Gaucho fairs


5. Drink that can be DoorDashed


10. Free in the dorms


11. Software primarily used by the AlloSphere Research Group


12. Weather phenomena sporadically occurring in the Winter and Spring at UCSB


13. Horror show usually drawing large crowds and featuring a shadow cast


15. Action on an annoying bug at UCSB dorms


17. Society that elected professor emerita Brenda Major in May


19. What a student who pulls an all-nighter during finals week does afterward


21. Job of the professional staff at the Associated Students Legal Resource Center who help students with legal advice


22. A _______ (model of excellence) of a student


23. To soothe the mind, like a Devereux Beach visit


25. Position played by former UCSB soccer player Leroy Zeller, who recently signed with Alemannia Aachen


28. Forty-five of these life-saving devices are provided on UCSB's campus, courtesy of UCSB's Heart Saver Programming


30. Type of noodles offered by Yoshinoya at the Courtyard Cafe 


31. Job held by student CLAS workers


32. Former dean of the Purdue University College of Engineering


35. Trendy, like a new craze at UCSB


36. Mark left behind, like UCSB's impact on its graduates


37. Role of each of the people who designed this newspaper


38. Type of seven trees planted in Storke Plaza through the Urban Orchard Project




DOWN



2. A sign or omen, often looked for by UCSB students before exams


3. Adjective to describe one's time at UCSB


4. The ______ UCSB is located in is Southern California


5. Quick bites bought from the Arbor


6. Not aesthetically pleasing, like some UCSB dorm rooms by the year's end


7. Don't stop _______ across the bike path


8. Blades wielded by warriors, like those studied in history class


9. The friend who alleviates your stress during finals week


14. Shrunken Heads' musical performed in the Lotte Lehmann Concert Hall


16. Tech company whose software the Campus Store offers troubleshooting diagnostics and repairs for


18. Small boat, sometimes paddled on UCSB's lagoon


20. ___'s To Go is located near Blenders and Hana Kitchen


21. Type of report updated by the UCSB Police Department for daily crimes and fires


23. Best place to smoke in Isla Vista


24. The streets of Del Playa Drive on Friday nights


26. Renting out properties, common for owners of off-campus housing


27. Top floor in the library


28. Job of Maxine Hong Kingston, who spoke at the UCSB MultiCultural Center about writing, family and activism on April 20


29. You would never catch a young Caesar dead at ______'s Pizza


33. A subtle clue, occasionally given by professors during exams


34. Indian restaurant in Downtown Santa Barbara



 Andrew Tolu contributed to clue creation.
Print  Î”  Î” Hey everyone! Have you heard about this new service where you can top up mobile phones and games in over 196 countries? It's incredible how global connectivity is being simplified at TopUp Balance . Not only can you recharge mobile credit, but you can also buy eSIMs and gift cards. It's particularly handy for frequent travelers and gamers who need instant access to services worldwide. Imagine the convenience of not having to search for local providers every time TopUp-Balance you enter a new country. This could really revolutionize how we stay connected and entertained.Â  
            Choked by their cap tassel during a graduation photoshoot           
            Accidentally daps the Chancellor up as they receive their diploma           
            Decided to skip commencement to go day drink on Del Playa           
            Ugly crying so hard they drown out ""Pomp and Circumstance""           
            Posing on stage like there's a model scout in the audience (there was)           
            Can't make it up the steps due to the sheer amount of cords, stoles, and leis           
            Couldn't decide on a grad dress so they showed up in pajamas under their gown           
            Showed up to commencement high and suffering from horrendous munchies           
            Somehow juggling the 15 ceremonies required for their triple major           
            Graduated with a 5 year plan, chronic anxiety, and a great internship           
            Reading Kafka in the audience in hopes of an honorary English degree           
            had their graduation photos taken in the lagoon to be different          "
